{"year":{"0":2013,"1":2013,"2":2013,"3":2013,"4":2013,"5":2014,"6":2014,"7":2014,"8":2014,"9":2014,"10":2015,"11":2015,"12":2015,"13":2015,"14":2015,"15":2016,"16":2016,"17":2016,"18":2016,"19":2016,"20":2017,"21":2017,"22":2017,"23":2017,"24":2017,"25":2018,"26":2018,"27":2018,"28":2018,"29":2018},"race":{"0":"Asian","1":"Black","2":"Hispanic","3":"Native American","4":"White","5":"Asian","6":"Black","7":"Hispanic","8":"Native American","9":"White","10":"Asian","11":"Black","12":"Hispanic","13":"Native American","14":"White","15":"Asian","16":"Black","17":"Hispanic","18":"Native American","19":"White","20":"Asian","21":"Black","22":"Hispanic","23":"Native American","24":"White","25":"Asian","26":"Black","27":"Hispanic","28":"Native American","29":"White"},"race_deaths":{"0":24,"1":286,"2":169,"3":3,"4":415,"5":22,"6":305,"7":190,"8":10,"9":509,"10":36,"11":340,"12":206,"13":15,"14":577,"15":21,"16":295,"17":199,"18":23,"19":561,"20":19,"21":291,"22":242,"23":30,"24":544,"25":10,"26":145,"27":98,"28":14,"29":292},"country_deaths":{"0":897,"1":897,"2":897,"3":897,"4":897,"5":1036,"6":1036,"7":1036,"8":1036,"9":1036,"10":1175,"11":1175,"12":1175,"13":1175,"14":1175,"15":1099,"16":1099,"17":1099,"18":1099,"19":1099,"20":1128,"21":1128,"22":1128,"23":1128,"24":1128,"25":603,"26":603,"27":603,"28":603,"29":603},"share_of_deaths":{"0":0.0267558528,"1":0.3188405797,"2":0.1884057971,"3":0.0033444816,"4":0.4626532887,"5":0.0212355212,"6":0.2944015444,"7":0.1833976834,"8":0.0096525097,"9":0.4913127413,"10":0.0306382979,"11":0.2893617021,"12":0.1753191489,"13":0.0127659574,"14":0.4910638298,"15":0.0191082803,"16":0.2684258417,"17":0.1810737034,"18":0.0209281165,"19":0.5104640582,"20":0.0168439716,"21":0.2579787234,"22":0.2145390071,"23":0.0265957447,"24":0.4822695035,"25":0.0165837479,"26":0.2404643449,"27":0.1625207297,"28":0.0232172471,"29":0.4842454395},"race_population":{"0":81338856,"1":173770672,"2":111844454,"3":21225772,"4":910796930,"5":83949228,"6":175901194,"7":114272486,"8":21492892,"9":913974488,"10":86678934,"11":178071618,"12":116827680,"13":21757870,"14":917004710,"15":89390544,"16":180202306,"17":119416822,"18":22019460,"19":919857964,"20":92070578,"21":182299452,"22":121977734,"23":22272438,"24":922602526,"25":92070578,"26":182299452,"27":121977734,"28":22272438,"29":922602526},"country_population":{"0":1298976684,"1":1298976684,"2":1298976684,"3":1298976684,"4":1298976684,"5":1309590288,"6":1309590288,"7":1309590288,"8":1309590288,"9":1309590288,"10":1320340812,"11":1320340812,"12":1320340812,"13":1320340812,"14":1320340812,"15":1330887096,"16":1330887096,"17":1330887096,"18":1330887096,"19":1330887096,"20":1341222728,"21":1341222728,"22":1341222728,"23":1341222728,"24":1341222728,"25":1341222728,"26":1341222728,"27":1341222728,"28":1341222728,"29":1341222728},"share_of_population":{"0":0.0626176413,"1":0.1337750509,"2":0.0861019719,"3":0.0163403795,"4":0.7011649564,"5":0.064103429,"6":0.1343177295,"7":0.087258196,"8":0.0164119207,"9":0.6979087249,"10":0.0656489091,"11":0.1348679192,"12":0.0884829727,"13":0.0164789801,"14":0.6945212188,"15":0.0671661362,"16":0.1354001452,"17":0.0897272371,"18":0.0165449497,"19":0.6911615319,"20":0.0686467475,"21":0.1359203421,"22":0.0909451737,"23":0.0166060696,"24":0.687881667,"25":0.0686467475,"26":0.1359203421,"27":0.0909451737,"28":0.0166060696,"29":0.687881667},"multiplier":{"0":0.4272893757,"1":2.3834083979,"2":2.1881705244,"3":0.204675883,"4":0.6598351565,"5":0.3312696618,"6":2.1918293705,"7":2.1017817449,"8":0.588140158,"9":0.7039785058,"10":0.4666992685,"11":2.1455191402,"12":1.9813885499,"13":0.7746812818,"14":0.7070537465,"15":0.2844927716,"16":1.9824634703,"17":2.0180461278,"18":1.2649247599,"19":0.7385597067,"20":0.2453717363,"21":1.8980140827,"22":2.3589927679,"23":1.601567697,"24":0.7010937006,"25":0.241580971,"26":1.7691564136,"27":1.7870187392,"28":1.3981181355,"29":0.7039661946}}