{"year":{"0":2013,"1":2014,"2":2015,"3":2016,"4":2017,"5":2018},"n":{"0":897,"1":1036,"2":1175,"3":1099,"4":1128,"5":603},"population":{"0":1298976684,"1":1309590288,"2":1320340812,"3":1330887096,"4":1341222728,"5":1341222728},"deaths_per_pop":{"0":0.0000006905,"1":0.0000007911,"2":0.0000008899,"3":0.0000008258,"4":0.000000841,"5":0.0000004496},"deaths_per_thousand":{"0":0.0006905436,"1":0.0007910871,"2":0.0008899217,"3":0.000825765,"4":0.0008410236,"5":0.0004495898},"deaths_per_million":{"0":0.6905435725,"1":0.7910871129,"2":0.8899217454,"3":0.8257650129,"4":0.8410236245,"5":0.4495897567}}