{"race":{"0":"Asian","1":"Black","2":"Hispanic","3":"Native American","4":"White"},"n":{"0":132,"1":1655,"2":1099,"3":95,"4":2892},"country_n":{"0":5873,"1":5873,"2":5873,"3":5873,"4":5873},"share_of_deaths":{"0":0.0224757364,"1":0.2817980589,"2":0.1871275328,"3":0.0161757194,"4":0.4924229525},"share_of_population":{"0":0.0661650486,"1":0.1350430922,"2":0.0889316969,"3":0.0164992325,"4":0.6933609298},"multiplier":{"0":0.3396919807,"1":2.0867269426,"2":2.1041713964,"3":0.9803922321,"4":0.7101971446}}